{"train/loss": 7.8887, "train/learning_rate": 2.5e-06, "train/epoch": 0.0, "train/global_step": 1, "_timestamp": 1745395736.7012494, "_runtime": 137.94177532196045, "_step": 0, "_wandb": {"runtime": 140}}